jm_cd,jm_nm,exam_year,acquirer_count
7900,조경기능사,2002,17539
7900,조경기능사,2003,1054
7900,조경기능사,2004,1457
7900,조경기능사,2005,2099
7900,조경기능사,2006,1820
7900,조경기능사,2007,2895
7900,조경기능사,2008,2881
7900,조경기능사,2009,5213
7900,조경기능사,2010,5667
7900,조경기능사,2011,4731
7900,조경기능사,2012,4579
7900,조경기능사,2013,4535
7900,조경기능사,2014,4213
7900,조경기능사,2015,4184
7900,조경기능사,2016,4337
7900,조경기능사,2017,4462
7900,조경기능사,2018,5007
7900,조경기능사,2019,5194
7900,조경기능사,2020,5660
7900,조경기능사,2021,7431
7900,조경기능사,2022,7474
7900,조경기능사,2023,7762
7900,조경기능사,2024,6441
7900,조경기능사,2025,6551
1370,조경기사,2002,7683
1370,조경기사,2003,360
1370,조경기사,2004,226
1370,조경기사,2005,393
1370,조경기사,2006,633
1370,조경기사,2007,601
1370,조경기사,2008,721
1370,조경기사,2009,647
1370,조경기사,2010,925
1370,조경기사,2011,871
1370,조경기사,2012,900
1370,조경기사,2013,720
1370,조경기사,2014,544
1370,조경기사,2015,544
1370,조경기사,2016,584
1370,조경기사,2017,555
1370,조경기사,2018,691
1370,조경기사,2019,561
1370,조경기사,2020,702
1370,조경기사,2021,730
1370,조경기사,2022,864
1370,조경기사,2023,652
1370,조경기사,2024,1123
1370,조경기사,2025,662
0670,조경기술사,2002,215
0670,조경기술사,2003,9
0670,조경기술사,2004,9
0670,조경기술사,2005,6
0670,조경기술사,2006,10
0670,조경기술사,2007,11
0670,조경기술사,2008,9
0670,조경기술사,2009,16
0670,조경기술사,2010,13
0670,조경기술사,2011,14
0670,조경기술사,2012,12
0670,조경기술사,2013,11
0670,조경기술사,2014,12
0670,조경기술사,2015,15
0670,조경기술사,2016,8
0670,조경기술사,2017,12
0670,조경기술사,2018,12
0670,조경기술사,2019,23
0670,조경기술사,2020,21
0670,조경기술사,2021,15
0670,조경기술사,2022,18
0670,조경기술사,2023,25
0670,조경기술사,2024,22
0670,조경기술사,2025,12
2320,조경산업기사,2002,6719
2320,조경산업기사,2003,383
2320,조경산업기사,2004,316
2320,조경산업기사,2005,273
2320,조경산업기사,2006,646
2320,조경산업기사,2007,908
2320,조경산업기사,2008,407
2320,조경산업기사,2009,790
2320,조경산업기사,2010,519
2320,조경산업기사,2011,548
2320,조경산업기사,2012,488
2320,조경산업기사,2013,384
2320,조경산업기사,2014,460
2320,조경산업기사,2015,188
2320,조경산업기사,2016,219
2320,조경산업기사,2017,192
2320,조경산업기사,2018,247
2320,조경산업기사,2019,178
2320,조경산업기사,2020,164
2320,조경산업기사,2021,195
2320,조경산업기사,2022,179
2320,조경산업기사,2023,136
2320,조경산업기사,2024,249
2320,조경산업기사,2025,54
