jm_cd,jm_nm,exam_year,written_applicants,written_passers,written_pass_rate,practical_applicants,practical_passers,practical_pass_rate
7900,조경기능사,2001,1743,661,37.9,1577,1408,89.3
7900,조경기능사,2002,1275,581,45.6,1298,1075,82.8
7900,조경기능사,2003,1491,606,40.6,1354,1054,77.8
7900,조경기능사,2004,1735,1011,58.3,1787,1452,81.3
7900,조경기능사,2005,2974,1719,57.8,2634,2097,79.6
7900,조경기능사,2006,3404,1534,45.1,2539,1816,71.5
7900,조경기능사,2007,4596,2840,61.8,3765,2891,76.8
7900,조경기능사,2008,5278,2935,55.6,4300,2879,67
7900,조경기능사,2009,9422,5329,56.6,6486,5211,80.3
7900,조경기능사,2010,11276,5496,48.7,6625,5666,85.5
7900,조경기능사,2011,11606,4292,37,5675,4728,83.3
7900,조경기능사,2012,10246,4156,40.6,5243,4576,87.3
7900,조경기능사,2013,10561,3725,35.3,4986,4533,90.9
7900,조경기능사,2014,10166,3441,33.8,4718,4211,89.3
7900,조경기능사,2015,9844,3967,40.3,4985,4180,83.9
7900,조경기능사,2016,9222,3979,43.1,4922,4334,88.1
7900,조경기능사,2017,8951,4359,48.7,5063,4460,88.1
7900,조경기능사,2018,10656,4480,42,5383,5006,93
7900,조경기능사,2019,12842,5229,40.7,5692,5194,91.3
7900,조경기능사,2020,13443,6241,46.4,6235,5659,90.8
7900,조경기능사,2021,18092,8401,46.4,8537,7431,87
7900,조경기능사,2022,16486,8681,52.7,8705,7474,85.9
7900,조경기능사,2023,17970,9282,51.7,8846,7762,87.7
7900,조경기능사,2024,17243,8260,47.9,8598,6441,74.9
7900,조경기능사,2025,16335,8158,49.9,8767,6551,74.7
1370,조경기사,2001,2827,716,25.3,1539,540,35.1
1370,조경기사,2002,3155,538,17.1,1100,413,37.5
1370,조경기사,2003,3173,708,22.3,1289,360,27.9
1370,조경기사,2004,3595,654,18.2,1185,226,19.1
1370,조경기사,2005,4204,889,21.1,2111,393,18.6
1370,조경기사,2006,5892,872,14.8,2393,633,26.5
1370,조경기사,2007,5801,999,17.2,1761,601,34.1
1370,조경기사,2008,6618,1010,15.3,2213,721,32.6
1370,조경기사,2009,8453,675,8,1806,647,35.8
1370,조경기사,2010,10147,1524,15,2838,925,32.6
1370,조경기사,2011,9839,1278,13,2472,871,35.2
1370,조경기사,2012,8340,855,10.3,2007,900,44.8
1370,조경기사,2013,7418,801,10.8,1494,720,48.2
1370,조경기사,2014,6449,396,6.1,888,544,61.3
1370,조경기사,2015,5078,831,16.4,1402,544,38.8
1370,조경기사,2016,4289,727,17,1228,584,47.6
1370,조경기사,2017,4371,840,19.2,1267,555,43.8
1370,조경기사,2018,3858,931,24.1,1538,691,44.9
1370,조경기사,2019,4505,704,15.6,1412,561,39.7
1370,조경기사,2020,3884,1056,27.2,1632,702,43
1370,조경기사,2021,4923,1008,20.5,1694,730,43.1
1370,조경기사,2022,4516,1202,26.6,2035,864,42.5
1370,조경기사,2023,5073,1118,22,1991,652,32.7
1370,조경기사,2024,4991,1344,26.9,2382,1123,47.1
1370,조경기사,2025,5357,1121,20.9,1739,662,38.1
0670,조경기술사,2001,148,10,6.8,15,10,66.7
0670,조경기술사,2002,132,11,8.3,16,11,68.8
0670,조경기술사,2003,131,11,8.4,12,9,75
0670,조경기술사,2004,139,8,5.8,11,9,81.8
0670,조경기술사,2005,123,7,5.7,7,6,85.7
0670,조경기술사,2006,167,10,6,16,10,62.5
0670,조경기술사,2007,203,15,7.4,17,11,64.7
0670,조경기술사,2008,238,4,1.7,14,9,64.3
0670,조경기술사,2009,277,18,6.5,25,16,64
0670,조경기술사,2010,385,14,3.6,28,13,46.4
0670,조경기술사,2011,389,11,2.8,19,14,73.7
0670,조경기술사,2012,390,13,3.3,13,12,92.3
0670,조경기술사,2013,345,12,3.5,15,11,73.3
0670,조경기술사,2014,308,12,3.9,18,12,66.7
0670,조경기술사,2015,228,15,6.6,23,15,65.2
0670,조경기술사,2016,178,8,4.5,13,8,61.5
0670,조경기술사,2017,168,11,6.5,18,12,66.7
0670,조경기술사,2018,189,13,6.9,16,12,75
0670,조경기술사,2019,132,31,23.5,40,23,57.5
0670,조경기술사,2020,157,16,10.2,32,21,65.6
0670,조경기술사,2021,179,22,12.3,36,15,41.7
0670,조경기술사,2022,147,9,6.1,21,18,85.7
0670,조경기술사,2023,178,50,28.1,56,25,44.6
0670,조경기술사,2024,206,5,2.4,51,22,43.1
0670,조경기술사,2025,222,13,5.9,26,12,46.2
2320,조경산업기사,2001,2131,643,30.2,962,276,28.7
2320,조경산업기사,2002,2148,568,26.4,865,373,43.1
2320,조경산업기사,2003,2284,723,31.7,835,383,45.9
2320,조경산업기사,2004,2354,747,31.7,1047,316,30.2
2320,조경산업기사,2005,2995,931,31.1,1630,273,16.7
2320,조경산업기사,2006,4386,1165,26.6,1709,646,37.8
2320,조경산업기사,2007,4076,1265,31,1905,908,47.7
2320,조경산업기사,2008,4409,1041,23.6,1703,407,23.9
2320,조경산업기사,2009,5619,1142,20.3,1640,790,48.2
2320,조경산업기사,2010,7463,754,10.1,1613,519,32.2
2320,조경산업기사,2011,6942,759,10.9,1230,548,44.6
2320,조경산업기사,2012,6132,751,12.2,999,488,48.8
2320,조경산업기사,2013,4881,747,15.3,1068,384,36
2320,조경산업기사,2014,3995,552,13.8,861,460,53.4
2320,조경산업기사,2015,3188,403,12.6,607,188,31
2320,조경산업기사,2016,2854,496,17.4,633,219,34.6
2320,조경산업기사,2017,2435,459,18.9,549,192,35
2320,조경산업기사,2018,2130,407,19.1,594,247,41.6
2320,조경산업기사,2019,2157,417,19.3,542,178,32.8
2320,조경산업기사,2020,1834,307,16.7,556,164,29.5
2320,조경산업기사,2021,2219,369,16.6,527,195,37
2320,조경산업기사,2022,1903,375,19.7,522,179,34.3
2320,조경산업기사,2023,1874,366,19.5,555,136,24.5
2320,조경산업기사,2024,1757,417,23.7,599,249,41.6
2320,조경산업기사,2025,1595,270,16.9,484,54,11.2
